0.159,0.841,0.0,-0.9375,"Sweeping old MultiBit wallet, advice needed.","I had an old Multibit classic wallet on an old laptop and managed to export the keys. The wallet , while offline and not synchronized showed a balance with a couple of BTC (it should still contain 0.5 Btc or so). I moved the 6 Multibid exported keys to a new Electrum wallet and swept, quickly I saw 7mBtc show up, unconfirmed, but nothing else. I'm clearly doing something wrong, but not sure how to proceed. I've already tried opening the old .wallet and .info files in OpenSsl but failed. Any other approach to recover the Btc from this old wallet? ",1730401327.0,0.5
0.178,0.658,0.164,-0.0516,What do you think Nov 5th will bring for BTC ,I would like to hear who will give biggest pump or maybe a crash? ,1730343673.0,0.8
0.0,0.803,0.197,0.9354,"If you own MSFT, make sure that you vote for them to add BTC to their corporate balance sheet! ","If you own any MSFT stock, make sure you vote for it. Way too many individual investors pass on the opportunity to vote, but shareholders have a voice. USE YOURS! I think MSFT would be a better positioned company with BTC on its balance sheet. As a shareholder I want to see that added value benefit my holdings. You should receive an email or be able to access your shareholder portal to vote through your brokerage account. ",1730344774.0,0.97
0.359,0.641,0.0,-0.4215,Insane I just bought BTC at 70k,We'll see how this goes.... Ugh,1730413150.0,0.76
0.058,0.758,0.184,0.9255,BTC and CGT,"Isn‚Äôt the whole point of Bitcoin that it is a peer‚Äìto‚Äìpeer electronic cash system? Isn‚Äôt it supposed to be a decentralized mechanism of saving in an asset that is decoupled from the existing monetary sharks including governments and big banks? Then why are we so easily giving in to this whole talk of paying capital gains tax on BTC? It sounds so counterproductive. Why is the bitcoin community not talking of innovative solutions where at the right time when there is enough adoption, we are able to use our hard earned/saved Bitcoin as we wish without worrying of giving a substantial chunk back to the same blood-sucking thieves?",1730376020.0,0.57
0.19,0.68,0.13,-0.3612,Do you guys use Robin Hood to purchase BTC? ,"Looking to purchase more bitcoin, I‚Äôve been using crypto.com but the fees are horrible. Anyone here recommend Robinhood instead? ",1730396751.0,0.25
0.065,0.895,0.04,-0.3883,"500,000 to 700,000 BTC traded daily across major exchanges","I hadn't realized this.

I was wondering why the price hadn't moved much, even though Bitcoin ETFs have purchased approximately 24,107 BTC over the last 2 days.

Not a question, just sharing a lesson and link below for others who want to track:

[https://ycharts.com/indicators/bitcoin\_transactions\_per\_day#:\~:text=Basic%20Info,registered%20on%20the%20Bitcoin%20network](https://ycharts.com/indicators/bitcoin_transactions_per_day#:~:text=Basic%20Info,registered%20on%20the%20Bitcoin%20network)

Edit: I was confusing number of daily transactions on the Bitcoin network vs 24-hour trading volume on exchanges.

coinmarketcap or coinglass show 24h volume.",1730375899.0,0.6
0.0,0.426,0.574,0.4019,Can anyone tell if US gov is selling their BTC?,Appreciate any info.,1730408674.0,0.4
0.061,0.939,0.0,-0.4098,Output address isn't my btc address?,"I'm just looking at transaction details for a transaction a week ago. In the details, the output address is not my bitcoin wallet address? I received it there is no issue. I just assumed the output address would display my btc wallet address? Can someone explain this?",1730388780.0,0.57
0.0,1.0,0.0,0.0,What‚Äôs the best sort video to you explain BTC to someone who‚Äôs heard of it but don‚Äôt get it? ,As the title says?,1730418598.0,0.33
0.0,0.857,0.143,0.7579,Is it bad that I get flustered when BTC goes up in price? I want to buy cheap but we just keep climbing. ,"I get paid every two weeks and put extra funds into Bitcoin. But I think just like most people here I don‚Äôt feel like I have enough yet. I know hype runs high with price goes up, but that means my paycheck pays for less SATs. ",1730401120.0,0.5
0.0,0.859,0.141,0.7717,QUESTION - What be the best exchange to use fer purchasing $BTC in the UK? ,"Ahoy there me fellow treasure hunters ü´°üè¥‚Äç‚ò†Ô∏è

I need a bit o wisdom shared to aid in me Bitcoin treasure raids. What be the best platform to be using fer me purchases in the UK. I be using [crypto.com](http://crypto.com) fer their staking feature o' 3% but the fees be high. 

I know of coinbase as an alternative but they don't have the Bitcoin staking available. Be there any alternatives?",1730399756.0,0.5
0.0,0.854,0.146,0.34,The True reality Value of Bitcoin and Bitcoin has more ways to creats more value in BTC ,"üî• BULLISH: ""The value of Bitcoin can never be negative.‚Äù - Alan Greenspan, ex-Chairman of Federal Reserve.ü§ù ‚úÖ",1730416539.0,0.38
0.022,0.836,0.142,0.9417,How can a new bullrun sustain in 2024?? ,"I know that BTC has the backing of blackrock and institutions and 15yrs of sustained uptime and trust. 


But the bull run of 2021 was a perfect storm.  People were told to stay home.  DEMAND GOT PENT UP. Then helicopter money rained for 2 yrs straight.  Rent didn't have to be paid. Mortgages went into forbearance 
 Student loans paused. Once in a lifetime type stuff

Retail pumped up dogecoin and every other alt you can think of.   Life was good. 



Outside of BTC...how can a true bullrun be sustained if cost of living is high and layoffs are ramping up??


I just dont see it. Unless theres some alts out there woth actual use case. (Which 99% have none)


What do you think?",1730352781.0,0.65
0.0,0.868,0.132,0.9603,"With a 6 month timeline, what would you do? ","6 month timeline, what do you do?

If you were going to invest today and pull out everything in roughly 6 months, would you go into BTC or ETH? Those are the only two I‚Äôm interested in investing in and I just want somewhere to put my cash until I use it for a purchase in 6 months. ETH is much further from its all time high, but BTC tends to be king until alt season comes around (if that even happens this time around) so I‚Äôm wondering‚Ä¶ would you guys choose BTC or ETH in this scenario? Just looking for some input / opinions on this. If you can give any additional info other than just saying ‚ÄúBTC‚Äù or ‚ÄúETH‚Äù that would be greatly appreciated! Thanks in advance CC and Happy Halloween! ",1730415375.0,0.22
0.023,0.895,0.082,0.9853,The $HEGE chart is looking like the $PONKE chart before it exploded. Time to load up and rotate profits! ,"If you‚Äôve been following $HEGE closely, you‚Äôre probably seeing what we‚Äôre seeing. The price chart for $HEGE is starting to mirror the exact consolidation pattern that $PONKE followed before it skyrocketed. 

This kind of setup doesn‚Äôt come along often, and early adopters who spot the pattern now could be in for big gains as $HEGE inches closer to a breakout.

# $PONKE Chart Comparison to $HEGE

[$PONKE chart before major breakout](https://preview.redd.it/j5psjn1xf4yd1.png?width=1190&format=png&auto=webp&s=cd17c45b41f42dd811709a8ae2daa77be3d26975)

[$HEGE chart today before major breakout](https://preview.redd.it/gr73ot5vf4yd1.png?width=985&format=png&auto=webp&s=caf87f2daee661ff4f9a3807138860a4b3d2764f)

* Before $PONKE took off, it was all about holding steady, building up volume, and setting the stage for a big move up ‚Äì classic long-term consolidation. Now, $HEGE is shaping up the same way, forming a solid base. If the trend repeats, the next leg could be the one to watch, where $HEGE reaches new highs.
* For those familiar with trading psychology, this pattern usually signals that large buy pressure is building, and when momentum finally kicks in, it‚Äôs often explosive. Keep an eye on it ‚Äì you won‚Äôt want to miss what‚Äôs next for $HEGE.

# Other Bullish News for $HEGE

$HEGE isn‚Äôt just looking good on the chart. In recent weeks, the project has ramped up its community presence and exposure:

* **AMA on Binance Live with over 3.2k viewers:** $HEGE recently hosted an AMA session on Binance Live, where key project updates were shared, community questions were answered, and future plans were outlined. If you couldn‚Äôt join the AMA live, you can catch the replay [HERE](https://www.binance.com/en/live/video?roomId=2231256) and see what the hype is about.
* **Reddit Takeover to community of 9M:** To add to the momentum, $HEGE took over the banner on r/cryptocurrency, the largest subreddit for crypto, with close to 9M subscribers. While this is a paid advertisment, **it took over 6 months** to gain their trust as a legitimate memecoin project and get approved for the banner. During this time, [$HEGE‚Äôs AMA post](https://www.reddit.com/r/CryptoCurrency/comments/1gdzn8x/hello_rcc_hege_will_be_sponsoring_the_subreddit/) received more than 800 comments, quickly becoming the highest-traffic post all month! This subreddit isn't particularly kind to memecoins, and it really brought the community together answering their questions.
* **Hegends NFT Dividends Incoming:** Distribution has been announced for the first [Hegends NFT dividend](https://app.hegecoin.com/), with the snapshot happening on the first 6 days of every month. It's time to delist those NFTs from [Tensor/Magic Eden](https://www.tensor.trade/trade/hegends), or purchase more NFTs to maximize your payout.
* **Strong Market Conditions:** All of this is happening while[ Bitcoin is hitting new all-time highs](https://coinmarketcap.com/currencies/bitcoin/), providing a favorable market environment for memecoins to shine when $BTC investors start rotating profits. With strong market backing, $HEGE is positioning itself to capture some serious attention in the crypto space.
* **Moonshot Verification:** $HEGE has applied to be verified on [Moonshot](https://moonshot.money/), the trending memecoin trading platform on iOS & Android. We have no doubt our project will be verified, making $HEGE even easier to buy for retail investors using credit card and Apple Pay. Watch this space!

[Owning that r\/cryptocurrency banner!](https://preview.redd.it/3ri0dtqfh4yd1.png?width=1053&format=png&auto=webp&s=e067be624792282b07c1b4563fc9c879782a38bf)

# Happy Halloween from the $HEGE-quarters! üéÉüëª

As the charts get spookier and the treats get sweeter, it might be time to think about $HEGE as a potentially major player in your portfolio. Don‚Äôt miss out on what‚Äôs shaping up to be a memorable memecoin season.

[$HEGE-y Krueger](https://preview.redd.it/zyipb65sg4yd1.jpg?width=1080&format=pjpg&auto=webp&s=e52e5f017febd97bec5228bb199b6910ce48e546)

**CA:** ULwSJmmpxmnRfpu6BjnK6rprKXqD5jXUmPpS1FxHXFy  
**Website:** [hegecoin.com](http://hegecoin.com)",1730394891.0,0.98
0.023,0.895,0.082,0.9853,The $HEGE chart is looking like the $PONKE chart before it exploded. Time to load up and rotate profits! üöÄüéÉ,"If you‚Äôve been following $HEGE closely, you‚Äôre probably seeing what we‚Äôre seeing. The price chart for $HEGE is starting to mirror the exact consolidation pattern that $PONKE followed before it skyrocketed. 

This kind of setup doesn‚Äôt come along often, and early adopters who spot the pattern now could be in for big gains as $HEGE inches closer to a breakout.

# $PONKE Chart Comparison to $HEGE

[$PONKE chart before major breakout](https://preview.redd.it/j5psjn1xf4yd1.png?width=1190&format=png&auto=webp&s=cd17c45b41f42dd811709a8ae2daa77be3d26975)

[$HEGE chart today before major breakout](https://preview.redd.it/gr73ot5vf4yd1.png?width=985&format=png&auto=webp&s=caf87f2daee661ff4f9a3807138860a4b3d2764f)

* Before $PONKE took off, it was all about holding steady, building up volume, and setting the stage for a big move up ‚Äì classic long-term consolidation. Now, $HEGE is shaping up the same way, forming a solid base. If the trend repeats, the next leg could be the one to watch, where $HEGE reaches new highs.
* For those familiar with trading psychology, this pattern usually signals that large buy pressure is building, and when momentum finally kicks in, it‚Äôs often explosive. Keep an eye on it ‚Äì you won‚Äôt want to miss what‚Äôs next for $HEGE.

# Other Bullish News for $HEGE

$HEGE isn‚Äôt just looking good on the chart. In recent weeks, the project has ramped up its community presence and exposure:

* **AMA on Binance Live with over 3.2k viewers:** $HEGE recently hosted an AMA session on Binance Live, where key project updates were shared, community questions were answered, and future plans were outlined. If you couldn‚Äôt join the AMA live, you can catch the replay [HERE](https://www.binance.com/en/live/video?roomId=2231256) and see what the hype is about.
* **Reddit Takeover to community of 9M:** To add to the momentum, $HEGE took over the banner on r/cryptocurrency, the largest subreddit for crypto, with close to 9M subscribers. While this is a paid advertisment, **it took over 6 months** to gain their trust as a legitimate memecoin project and get approved for the banner. During this time, [$HEGE‚Äôs AMA post](https://www.reddit.com/r/CryptoCurrency/comments/1gdzn8x/hello_rcc_hege_will_be_sponsoring_the_subreddit/) received more than 800 comments, quickly becoming the highest-traffic post all month! This subreddit isn't particularly kind to memecoins, and it really brought the community together answering their questions.
* **Hegends NFT Dividends Incoming:** Distribution has been announced for the first [Hegends NFT dividend](https://app.hegecoin.com/), with the snapshot happening on the first 6 days of every month. It's time to delist those NFTs from [Tensor/Magic Eden](https://www.tensor.trade/trade/hegends), or purchase more NFTs to maximize your payout.
* **Strong Market Conditions:** All of this is happening while[ Bitcoin is hitting new all-time highs](https://coinmarketcap.com/currencies/bitcoin/), providing a favorable market environment for memecoins to shine when $BTC investors start rotating profits. With strong market backing, $HEGE is positioning itself to capture some serious attention in the crypto space.
* **Moonshot Verification:** $HEGE has applied to be verified on [Moonshot](https://moonshot.money/), the trending memecoin trading platform on iOS & Android. We have no doubt our project will be verified, making $HEGE even easier to buy for retail investors using credit card and Apple Pay. Watch this space!

[Owning that r\/cryptocurrency banner!](https://preview.redd.it/3ri0dtqfh4yd1.png?width=1053&format=png&auto=webp&s=e067be624792282b07c1b4563fc9c879782a38bf)

# Happy Halloween from the $HEGE-quarters! üéÉüëª

As the charts get spookier and the treats get sweeter, it might be time to think about $HEGE as a potentially major player in your portfolio. Don‚Äôt miss out on what‚Äôs shaping up to be a memorable memecoin season.

[$HEGE-y Krueger](https://preview.redd.it/zyipb65sg4yd1.jpg?width=1080&format=pjpg&auto=webp&s=e52e5f017febd97bec5228bb199b6910ce48e546)

**CA:** ULwSJmmpxmnRfpu6BjnK6rprKXqD5jXUmPpS1FxHXFy  
**Website:** [hegecoin.com](http://hegecoin.com)",1730394769.0,0.97
0.0,0.879,0.121,0.6046,I bought 1 share of MSFT to vote. ,"I have a question regarding the BTC vote, I just purchased a share to be eligible to vote. Is that enough? Or am I too late to be eligible to vote?

If we can vote with 1 share of MSFT,   Can we vote already? ",1730380767.0,0.63
0.023,0.895,0.082,0.9853,The $HEGE chart is looking like the $PONKE chart before it exploded. Time to load up and rotate profits! ,"If you‚Äôve been following $HEGE closely, you‚Äôre probably seeing what we‚Äôre seeing. The price chart for $HEGE is starting to mirror the exact consolidation pattern that $PONKE followed before it skyrocketed. 

This kind of setup doesn‚Äôt come along often, and early adopters who spot the pattern now could be in for big gains as $HEGE inches closer to a breakout.

# $PONKE Chart Comparison to $HEGE

[$PONKE chart before major breakout](https://preview.redd.it/j5psjn1xf4yd1.png?width=1190&format=png&auto=webp&s=cd17c45b41f42dd811709a8ae2daa77be3d26975)

[$HEGE chart today before major breakout](https://preview.redd.it/gr73ot5vf4yd1.png?width=985&format=png&auto=webp&s=caf87f2daee661ff4f9a3807138860a4b3d2764f)

* Before $PONKE took off, it was all about holding steady, building up volume, and setting the stage for a big move up ‚Äì classic long-term consolidation. Now, $HEGE is shaping up the same way, forming a solid base. If the trend repeats, the next leg could be the one to watch, where $HEGE reaches new highs.
* For those familiar with trading psychology, this pattern usually signals that large buy pressure is building, and when momentum finally kicks in, it‚Äôs often explosive. Keep an eye on it ‚Äì you won‚Äôt want to miss what‚Äôs next for $HEGE.

# Other Bullish News for $HEGE

$HEGE isn‚Äôt just looking good on the chart. In recent weeks, the project has ramped up its community presence and exposure:

* **AMA on Binance Live with over 3.2k viewers:** $HEGE recently hosted an AMA session on Binance Live, where key project updates were shared, community questions were answered, and future plans were outlined. If you couldn‚Äôt join the AMA live, you can catch the replay [HERE](https://www.binance.com/en/live/video?roomId=2231256) and see what the hype is about.
* **Reddit Takeover to community of 9M:** To add to the momentum, $HEGE took over the banner on r/cryptocurrency, the largest subreddit for crypto, with close to 9M subscribers. While this is a paid advertisment, **it took over 6 months** to gain their trust as a legitimate memecoin project and get approved for the banner. During this time, [$HEGE‚Äôs AMA post](https://www.reddit.com/r/CryptoCurrency/comments/1gdzn8x/hello_rcc_hege_will_be_sponsoring_the_subreddit/) received more than 800 comments, quickly becoming the highest-traffic post all month! This subreddit isn't particularly kind to memecoins, and it really brought the community together answering their questions.
* **Hegends NFT Dividends Incoming:** Distribution has been announced for the first [Hegends NFT dividend](https://app.hegecoin.com/), with the snapshot happening on the first 6 days of every month. It's time to delist those NFTs from [Tensor/Magic Eden](https://www.tensor.trade/trade/hegends), or purchase more NFTs to maximize your payout.
* **Strong Market Conditions:** All of this is happening while[ Bitcoin is hitting new all-time highs](https://coinmarketcap.com/currencies/bitcoin/), providing a favorable market environment for memecoins to shine when $BTC investors start rotating profits. With strong market backing, $HEGE is positioning itself to capture some serious attention in the crypto space.
* **Moonshot Verification:** $HEGE has applied to be verified on [Moonshot](https://moonshot.money/), the trending memecoin trading platform on iOS & Android. We have no doubt our project will be verified, making $HEGE even easier to buy for retail investors using credit card and Apple Pay. Watch this space!

[Owning that r\/cryptocurrency banner!](https://preview.redd.it/3ri0dtqfh4yd1.png?width=1053&format=png&auto=webp&s=e067be624792282b07c1b4563fc9c879782a38bf)

# Happy Halloween from the $HEGE-quarters! üéÉüëª

As the charts get spookier and the treats get sweeter, it might be time to think about $HEGE as a potentially major player in your portfolio. Don‚Äôt miss out on what‚Äôs shaping up to be a memorable memecoin season.

[$HEGE-y Krueger](https://preview.redd.it/zyipb65sg4yd1.jpg?width=1080&format=pjpg&auto=webp&s=e52e5f017febd97bec5228bb199b6910ce48e546)

**CA:** ULwSJmmpxmnRfpu6BjnK6rprKXqD5jXUmPpS1FxHXFy  
**Website:** [hegecoin.com](http://hegecoin.com)",1730394785.0,0.98
0.0,1.0,0.0,0.0,Weekly or monthly DCA?,I've recently returned to buy and staking BTC every month (fixed qty.). I wanted to know if I should buy it once a month or weekly.,1730396901.0,0.33
0.034,0.888,0.077,0.4939,üö® Bitcoin Sees $500M in Open Interest Wiped Out as Price Dips Near $70K! üö®,"Today, Bitcoin (BTC) faced a $500 million open interest wipeout, dipping near the $70,000 mark. BTC prices dropped 1.75%, failing to rally despite recent U.S. economic data that showed inflation staying ‚Äústubbornly high.‚Äù

Analysts are eyeing Nov. 1‚Äôs nonfarm payroll report for clues about potential market shifts. üìä 

Right now, whales are moving carefully, offloading BTC after accumulating heavily last week. With over $500 million in open interest gone, we may see BTC‚Äôs price action heat up in early November.

Is $70K the next floor, or do you see more drops ahead? ",1730385907.0,0.38
0.023,0.974,0.004,-0.875,Mis 11 razones para acumular $HEGE ,"Este *bullrun* estar√° dominado por las *memecoins*, pero la cuesti√≥n es saber cu√°l de ellas elegir de todas las que ya existen y las nuevas que aparecer√°n. Muchas ser√°n estafas, otras no durar√°n m√°s de un mes, otras ser√°n un *pump and dump*, y de las que se salven es donde habr√° que empezar a buscar las que pretendas acumular. Por eso yo os presento **$HEGE,** y si es que ya sabes de √©l, pero a√∫n no tienes aunque sea una peque√±a bolsa de $HEGE, te dar√© mis motivos por los que creo que es necesario tener $HEGE. 

1: El equipo de $HEGE son inversores, es decir, que **han invertido su dinero en la moneda**; son personas normales y corrientes, pero con **conocimientos** y **habilidades** para estar en el equipo y con ganas de trabajar muy duro por sus bolsas.

2: El **desarrollador** de $HEGE est√° muy presente en el grupo y siempre con muy buenas noticias.

3: Sus dise√±os son dignos de admiraci√≥n: p√°gina web, videos, pfp, etc.

4: Asociaciones con VC: La empresa **Victus Capital** tiene un contrato con $HEGE en el cual se sabe que empezar√°n a invertir entre **150k - 500k** , a partir de que superemos el ATH y nos mantengamos por encima, lo cual ser√° un trabajo f√°cil.

5: Victus Capital tiene asociaciones con m√°s empresas de capital riesgo, empresas del sector *crypto*, empresas de marketing, asociaciones con ***exchanges*** **CEX Tier 1**, locales en los cuales puedes usar *crypto* y m√°s cosas enormes.

6: ***Exchanges*** **CEX** : $HEGE ya cotiza en dos *exchanges* CEX que son **MEXC y BITMART**, pero eso no es todo. Que se sepa, [GATE.IO](http://GATE.IO) y **UPBIT** se pusieron en contacto con el equipo para incluirlos en sus plataformas. [GATE.IO](http://GATE.IO) le dio el visto bueno y solo pidi√≥ al equipo superar ATH y mantenerse arriba, cosa que es f√°cil desde mi punto de vista. **UPBIT** le pidi√≥ al equipo rellenar un formulario que no todas las monedas pasan, y $HEGE fue aprobado y solo le queda el mismo proceso, que es superar el ATH. Creo que hay m√°s *exchanges* con los ojos puestos en $HEGE...

7: La publicidad de $HEGE hasta el momento ha sido enorme, pero eso no es todo. Solo piensa que a medida que siga creciendo el proyecto, la publicidad ir√° siendo m√°s grande a√∫n.

8: **Binance Live AMA** : La semana pasada $HEGE realiz√≥ un AMA en Binance, la cual fue bastante bien, con m√°s de 3k usuarios simult√°neos en el directo, m√°s las siguientes visitas al quedarse resubido el directo. Todas las personas que estaban en el directo y han visto el directo resubido son personas reales, dado que para poder verlo tienes que tener una cuenta de Binance, y eso quiere decir que son todos inversores porque si no, ¬øpara qu√© iban a tener una cuenta de Binance?

9: **KOLs en X**: Eso es un factor muy importante en este nivel. Uno de ellos es **Soka Data** ; √©l es una persona cercana a proyectos *memes* muy grandes, lo cual le da mucha experiencia en el sector, y ahora tambi√©n es nuestro KOL .

10: Misi√≥n y direcci√≥n clara: Todos los que tenemos una bolsa de $HEGE tenemos una misi√≥n, que es desbloquear el √∫ltimo cap√≠tulo de la historia de $HEGE. Y la direcci√≥n es superar 1B. La gran mayor√≠a tenemos manos de diamante, es decir, que no vendemos, solo ***holdeamos*** **y acumulamos**. Tener una familia importante dentro de tu proyecto hace mucho, ya que todos tenemos el mismo pensamiento hacia $HEGE, que es superar el 1B, y todos los nuevos poseedores suelen venir con la misma idea, y eso es muy bueno.

11: Seguro que me dejo muchas m√°s cosas importantes por el camino, pero creo que con esto vale para saber que en el momento en que $HEGE supere su ATH, entrar√° en una subida libre, ya que nuestra empresa de capital riesgo empezar√° a comprar a mercado, los nuevos *exchanges* que ya sabemos le abrir√°n las puertas a $HEGE para que m√°s inversores puedan entrar en $HEGE, nuevas empresas llegar√°n, m√°s *exchanges* le abrir√°n las puertas, y ser√° muy dif√≠cil frenar el camino de $HEGE a sentarse en la mesa con los m√°s grandes del sector. Solo pi√©nsalo y s√© que adquirir√°s una bolsa de $HEGE.",1730378482.0,1.0
0.126,0.727,0.147,0.6925,Bitcoin has given my sanity back !! Seriously ,"So I don‚Äôt really know if this describes anyone else but allow me to testify!  I‚Äôve been Putting money in Bitcoin only for almost 2 years. I know I‚Äôm late. But recently - July‚Äùish‚Äù I got tired of always seeing BTC stay at 58k!!! My average cost was slowly creeping up so I drank the memecoin koolaid!  Went pretty hard (on Base primarily) didn‚Äôt sell any BTC but began diverting my funds to the likes of Brett, Toshi, Mr. Miggles, Peezy, and a few others in hopes of quick gains!  How wrong I was!  Last week EVERY SINGLE meme had cost me big (Mister effin Miggles about 90%).  I also lost  total focus,  checking the memecoin prices constantly, listening to YouTuber tell me they were all getting ready to 1000x!  So last week I said f it and I swapped all memecoin shit back into BTC.  All at moderate to tremendous losses but I don‚Äôt give a shit.  I thought I‚Äôd regret it and not even for a second . Soon a I swapped my mental attitude improved 1000x!!! I don‚Äôt even look at the memes anymore.   I know BTC has gained since I swapped (and my prior memes are all down!!). Again though - I don‚Äôt care about the 1 week gains from swapping.   Memes weee trashing me, my wallet, and my mentality.   Lesson learned.  I‚Äôm back to BTC and BTC only!!!  I wonder if anyone else has had experience like this.  
",1730419269.0,0.82
0.067,0.759,0.174,0.5574,Fold App equivalent for business?,"I want to accept fiat but convert it to BTC immediately, like with Fold. Fold does not offer business accounts currently. 

Essentially I don't want my organization to touch fiat. . Ready to get off that bus. want to take payments in fiat, but receive BTC. [Nowpayments.io](http://Nowpayments.io) supposedly offers it, but are unresponsive to inquiries, which is a bad sign. 

What other options are available? ",1730401845.0,0.75
0.115,0.765,0.12,0.5983,Necessity is the mother of invention and Scarcity is the mother of innovation,"The Bitcoin white paper was released right at the peak of the 2008 (exactly 16 years ago) financial crisis when trust in the financial system was lost. The necessity as concluded in the white paper by Satoshi Nakamoto is **""We have proposed a system for electronic transactions without relying on trust""**

The scarcity of 50 BTC initial block reward isn't defined in the Bitcoin white paper, **The 50 BTC initial reward was defined in the original Bitcoin source code.**

The 21 million limit is derived from:

1. The initial block reward of 50 BTC
2. The halving interval every 210,000 blocks (roughly every 4 years)
3. The mathematical formula in the source code that controls this

**50 + 25 + 12.5 + 6.25 + ... = 21,000,000**

The Genesis Block (Block #0) also demonstrates this implementation with its 50 BTC reward. This block was mined on January 3, 2009, and contains the famous Times headline ""The Times 03/Jan/2009 Chancellor on brink of second bailout for banks.""

**Happy Trick or Treat Paper Day!**",1730384559.0,0.83
0.004,0.917,0.079,0.9566,PengyOS the web3 memecoin on Solana - webOS & App - Unique user experience - Presented live in Berlin,"**Let me tell you about PengyOS.**

It is essentially a Project that launched on Pumpfun in march 2024.

The Project has set the focus on more then just memes, by integrating multiple dApps , memes , games & entertainment into one Platform.

**They have a dApp folder with sub categories, so it makes it easy to navigate.**

For the webOS version you can add / remove any dApps that you like.

**The Penguin narrative is strong and play well along with the Project name.**

You can definitely tell that this Team is dedicated & full of endless ideas.

**CA - B8vV6An7xFF3bARB1cmU7TMfKNjjes2WvY7jWqiRc6K6**

https://preview.redd.it/byzswc50g5yd1.jpg?width=1284&format=pjpg&auto=webp&s=e814d96cdb0e159ea6b9ad1caa996d778f63e5de

**Major projects have been added as actual dApps within a sub category of that dApp folder.**

Switching between different applications, is really smooth and really resembles a real and functional Operating System.

Whoever comes across MustStopMurads content should know, that he believes that there will be more serious memecoins down the line.

**So in my oppinion, $POS is starting this new trend that will be wide spread.**

It is not always about making that last minute 100$ on a trade, this will surprise everyone once it takes off.

**I haven¬¥t seen this much dedication on Solana, they even collaborated with Solana Mobile twice.**

https://preview.redd.it/atftmj01g5yd1.jpg?width=839&format=pjpg&auto=webp&s=66ef2694635eb5d96b4567f1f2898bf025d80452

Have been at a demo in Berlin presenting the Project live for the hackathon, which they are competing for.

They also recently applied for a listing at Kraken, which should be confirmed soon.

Overall this is a Amazing innitiative, these guys have proven to be resillient throughout multiple market conditions.

**This needs to be spread on all socials, and seen for the true gem that it is.**

I am telling you once this penguin goes, it will not stop untill at least 100M.

Of course this is all my subjective oppinion, but if you take 5 minutes to check them out. You will know what I mean.

**And overall check their X page, I mean their content hits the spot.**

You can tell that this Team really puts in the time & effort.

**Do your own research and thank me later.**",1730405521.0,1.0
0.0,0.933,0.067,0.4464,Ethiopia's hyped on Bitcoin ,"Ethiopia's building up its infrastructure fast, letting them crank out over 0.7 BTC a day‚Äîand they're aiming to scale that up to 5-7 BTC daily. Dive into how energy, politics, and Bitcoin's money-making potential are coming together in Africa! Thoughts on that?

[https://www.youtube.com/watch?v=XVp5r4ct5Ag&t=14s](https://www.youtube.com/watch?v=XVp5r4ct5Ag&t=14s)",1730389249.0,0.81
0.0,0.724,0.276,0.8519,Happy Diwali to the Bitcoin community! üéá,"Found some bitcoin firework that reminded me of you guys, Wishing bitcoin new highs üìà, wishing the bitcoin community good health, prosperity and happiness. Keep HODLing ‚Çø. To BTC and beyond üéá ü•Ç ",1730385423.0,0.71
0.035,0.886,0.078,0.8243,Jade + Sparrow issue,"I have a laptop and desktop.  Both with Sparrow.  And a Jade cold wallet.  If I open a new (second) wallet on say the desktop in Sparrow and store the keys on my connected Jade, it appears to still wind up being stored in Sparrow on the desktop.  When I plug in the Jade to the laptop and open Sparrow, the new wallet doesn't show up when trying to import it. But for some reason the original (1st) wallet is available to import.  So if my desktop crashes, the new wallet is lost.  And if I store any BTC on the new wallet, I can't access it by plugging the Jade into a different computer.  Even though I created it with the keys supposedly stored on the Jade.  What I don't get is this didn't happen with the 1st wallet I created.  That one is on the Jade, and can be imported to a different computer.  

Has anyone run into this?  What am I doing wrong?  How do I ensure that all my wallets will show up using the Jade on any computer?  

Thanks.

(Scammers: Don't ask me to send my keys to you or some website, I won't do it).",1730396655.0,0.75
0.023,0.973,0.003,-0.8895,Mis 11 razones para acumular $HEGE ,"Este *bullrun* estar√° dominado por las *memecoins*, pero la cuesti√≥n es saber cu√°l de ellas elegir de todas las que ya existen y las nuevas que aparecer√°n. Muchas ser√°n estafas, otras no durar√°n m√°s de un mes, otras ser√°n un *pump and dump*, y de las que se salven es donde habr√° que empezar a buscar las que pretendas acumular. Por eso yo os presento **$HEGE,** y si es que ya sabes de √©l, pero a√∫n no tienes aunque sea una peque√±a bolsa de $HEGE, te dar√© mis motivos por los que creo que es necesario tener $HEGE. 

https://preview.redd.it/bwmeovi483yd1.jpg?width=680&format=pjpg&auto=webp&s=382f6f44a7c686554c6219a91012369f4029c4a3

1: El equipo de $HEGE son inversores, es decir, que **han invertido su dinero en la moneda**; son personas normales y corrientes, pero con **conocimientos** y **habilidades** para estar en el equipo y con ganas de trabajar muy duro por sus bolsas.

2: El **desarrollador** de $HEGE est√° muy presente en el grupo y siempre con muy buenas noticias.

3: Sus dise√±os son dignos de admiraci√≥n: p√°gina web, videos, pfp, etc.

4: Asociaciones con VC: La empresa **Victus Capital** tiene un contrato con $HEGE en el cual se sabe que empezar√°n a invertir entre **150k - 500k** , a partir de que superemos el ATH y nos mantengamos por encima, lo cual ser√° un trabajo f√°cil.

5: Victus Capital tiene asociaciones con m√°s empresas de capital riesgo, empresas del sector *crypto*, empresas de marketing, asociaciones con ***exchanges*** **CEX Tier 1**, locales en los cuales puedes usar *crypto* y m√°s cosas enormes.

6: ***Exchanges*** **CEX** : $HEGE ya cotiza en dos *exchanges* CEX que son **MEXC y BITMART**, pero eso no es todo. Que se sepa, [GATE.IO](http://GATE.IO) y **UPBIT** se pusieron en contacto con el equipo para incluirlos en sus plataformas. [GATE.IO](http://GATE.IO) le dio el visto bueno y solo pidi√≥ al equipo superar ATH y mantenerse arriba, cosa que es f√°cil desde mi punto de vista. **UPBIT** le pidi√≥ al equipo rellenar un formulario que no todas las monedas pasan, y $HEGE fue aprobado y solo le queda el mismo proceso, que es superar el ATH. Creo que hay m√°s *exchanges* con los ojos puestos en $HEGE...

7: La publicidad de $HEGE hasta el momento ha sido enorme, pero eso no es todo. Solo piensa que a medida que siga creciendo el proyecto, la publicidad ir√° siendo m√°s grande a√∫n.

8: **Binance Live AMA** : La semana pasada $HEGE realiz√≥ un AMA en Binance, la cual fue bastante bien, con m√°s de 3k usuarios simult√°neos en el directo, m√°s las siguientes visitas al quedarse resubido el directo. Todas las personas que estaban en el directo y han visto el directo resubido son personas reales, dado que para poder verlo tienes que tener una cuenta de Binance, y eso quiere decir que son todos inversores porque si no, ¬øpara qu√© iban a tener una cuenta de Binance?

9: **KOLs en X**: Eso es un factor muy importante en este nivel. Uno de ellos es **Soka Data** ; √©l es una persona cercana a proyectos *memes* muy grandes, lo cual le da mucha experiencia en el sector, y ahora tambi√©n es nuestro KOL .

10: Misi√≥n y direcci√≥n clara: Todos los que tenemos una bolsa de $HEGE tenemos una misi√≥n, que es desbloquear el √∫ltimo cap√≠tulo de la historia de $HEGE. Y la direcci√≥n es superar 1B. La gran mayor√≠a tenemos manos de diamante, es decir, que no vendemos, solo ***holdeamos*** **y acumulamos**. Tener una familia importante dentro de tu proyecto hace mucho, ya que todos tenemos el mismo pensamiento hacia $HEGE, que es superar el 1B, y todos los nuevos poseedores suelen venir con la misma idea, y eso es muy bueno.

11: Seguro que me dejo muchas m√°s cosas importantes por el camino, pero creo que con esto vale para saber que en el momento en que $HEGE supere su ATH, entrar√° en una subida libre, ya que nuestra empresa de capital riesgo empezar√° a comprar a mercado, los nuevos *exchanges* que ya sabemos le abrir√°n las puertas a $HEGE para que m√°s inversores puedan entrar en $HEGE, nuevas empresas llegar√°n, m√°s *exchanges* le abrir√°n las puertas, y ser√° muy dif√≠cil frenar el camino de $HEGE a sentarse en la mesa con los m√°s grandes del sector. Solo pi√©nsalo y s√© que adquirir√°s una bolsa de $HEGE. 

https://preview.redd.it/dsgau1s583yd1.jpg?width=2048&format=pjpg&auto=webp&s=ca22a1b73fadf1d823e99e3681ae7e4b45e4def3

",1730378683.0,1.0
0.023,0.973,0.003,-0.8895,Mi Top 11 Razones para tener una bolsa de $HEGE,"Este *bullrun* estar√° dominado por las *memecoins*, pero la cuesti√≥n es saber cu√°l de ellas elegir de todas las que ya existen y las nuevas que aparecer√°n. Muchas ser√°n estafas, otras no durar√°n m√°s de un mes, otras ser√°n un *pump and dump*, y de las que se salven es donde habr√° que empezar a buscar las que pretendas acumular. Por eso yo os presento **$HEGE,** y si es que ya sabes de √©l, pero a√∫n no tienes aunque sea una peque√±a bolsa de $HEGE, te dar√© mis motivos por los que creo que es necesario tener $HEGE. 

https://preview.redd.it/wypo7lst73yd1.jpg?width=1280&format=pjpg&auto=webp&s=89d900d40083eabe10ac3e14e1275ca4fae6ca36

1: El equipo de $HEGE son inversores, es decir, que **han invertido su dinero en la moneda**; son personas normales y corrientes, pero con **conocimientos** y **habilidades** para estar en el equipo y con ganas de trabajar muy duro por sus bolsas.

2: El **desarrollador** de $HEGE est√° muy presente en el grupo y siempre con muy buenas noticias.

3: Sus dise√±os son dignos de admiraci√≥n: p√°gina web, videos, pfp, etc.

4: Asociaciones con VC: La empresa **Victus Capital** tiene un contrato con $HEGE en el cual se sabe que empezar√°n a invertir entre **150k - 500k** , a partir de que superemos el ATH y nos mantengamos por encima, lo cual ser√° un trabajo f√°cil.

5: Victus Capital tiene asociaciones con m√°s empresas de capital riesgo, empresas del sector *crypto*, empresas de marketing, asociaciones con ***exchanges*** **CEX Tier 1**, locales en los cuales puedes usar *crypto* y m√°s cosas enormes.

6: ***Exchanges*** **CEX** : $HEGE ya cotiza en dos *exchanges* CEX que son **MEXC y BITMART**, pero eso no es todo. Que se sepa, [GATE.IO](http://GATE.IO) y **UPBIT** se pusieron en contacto con el equipo para incluirlos en sus plataformas. [GATE.IO](http://GATE.IO) le dio el visto bueno y solo pidi√≥ al equipo superar ATH y mantenerse arriba, cosa que es f√°cil desde mi punto de vista. **UPBIT** le pidi√≥ al equipo rellenar un formulario que no todas las monedas pasan, y $HEGE fue aprobado y solo le queda el mismo proceso, que es superar el ATH. Creo que hay m√°s *exchanges* con los ojos puestos en $HEGE...

7: La publicidad de $HEGE hasta el momento ha sido enorme, pero eso no es todo. Solo piensa que a medida que siga creciendo el proyecto, la publicidad ir√° siendo m√°s grande a√∫n.

8: **Binance Live AMA** : La semana pasada $HEGE realiz√≥ un AMA en Binance, la cual fue bastante bien, con m√°s de 3k usuarios simult√°neos en el directo, m√°s las siguientes visitas al quedarse resubido el directo. Todas las personas que estaban en el directo y han visto el directo resubido son personas reales, dado que para poder verlo tienes que tener una cuenta de Binance, y eso quiere decir que son todos inversores porque si no, ¬øpara qu√© iban a tener una cuenta de Binance?

9: **KOLs en X**: Eso es un factor muy importante en este nivel. Uno de ellos es **Soka Data** ; √©l es una persona cercana a proyectos *memes* muy grandes, lo cual le da mucha experiencia en el sector, y ahora tambi√©n es nuestro KOL .

10: Misi√≥n y direcci√≥n clara: Todos los que tenemos una bolsa de $HEGE tenemos una misi√≥n, que es desbloquear el √∫ltimo cap√≠tulo de la historia de $HEGE. Y la direcci√≥n es superar 1B. La gran mayor√≠a tenemos manos de diamante, es decir, que no vendemos, solo ***holdeamos*** **y acumulamos**. Tener una familia importante dentro de tu proyecto hace mucho, ya que todos tenemos el mismo pensamiento hacia $HEGE, que es superar el 1B, y todos los nuevos poseedores suelen venir con la misma idea, y eso es muy bueno.

11: Seguro que me dejo muchas m√°s cosas importantes por el camino, pero creo que con esto vale para saber que en el momento en que $HEGE supere su ATH, entrar√° en una subida libre, ya que nuestra empresa de capital riesgo empezar√° a comprar a mercado, los nuevos *exchanges* que ya sabemos le abrir√°n las puertas a $HEGE para que m√°s inversores puedan entrar en $HEGE, nuevas empresas llegar√°n, m√°s *exchanges* le abrir√°n las puertas, y ser√° muy dif√≠cil frenar el camino de $HEGE a sentarse en la mesa con los m√°s grandes del sector. Solo pi√©nsalo y s√© que adquirir√°s una bolsa de $HEGE. 

https://preview.redd.it/plmlqnlv73yd1.jpg?width=1280&format=pjpg&auto=webp&s=8373c3195741815e82c8bae5809048e341cb8a30

",1730378571.0,1.0
0.004,0.917,0.079,0.9566,PengyOS the web3 memecoin on Solana - webOS & App - Unique user experience - Presented live in Berlin,"**Let me tell you about PengyOS.**

It is essentially a Project that launched on Pumpfun in march 2024.

The Project has set the focus on more then just memes, by integrating multiple dApps , memes , games & entertainment into one Platform.

**They have a dApp folder with sub categories, so it makes it easy to navigate.**

For the webOS version you can add / remove any dApps that you like.

**The Penguin narrative is strong and play well along with the Project name.**

You can definitely tell that this Team is dedicated & full of endless ideas.

**CA - B8vV6An7xFF3bARB1cmU7TMfKNjjes2WvY7jWqiRc6K6**

https://preview.redd.it/psarsejve5yd1.jpg?width=1284&format=pjpg&auto=webp&s=35dbe445aa28e27a4c5f5abedda1a0beb16d3218

**Major projects have been added as actual dApps within a sub category of that dApp folder.**

Switching between different applications, is really smooth and really resembles a real and functional Operating System.

Whoever comes across MustStopMurads content should know, that he believes that there will be more serious memecoins down the line.

**So in my oppinion, $POS is starting this new trend that will be wide spread.**

It is not always about making that last minute 100$ on a trade, this will surprise everyone once it takes off.

**I haven¬¥t seen this much dedication on Solana, they even collaborated with Solana Mobile twice.**

https://preview.redd.it/ts05m0swe5yd1.jpg?width=839&format=pjpg&auto=webp&s=f55dff752a6dcdb017446996f8ecdfda1ff468fd

Have been at a demo in Berlin presenting the Project live for the hackathon, which they are competing for.

They also recently applied for a listing at Kraken, which should be confirmed soon.

Overall this is a Amazing innitiative, these guys have proven to be resillient throughout multiple market conditions.

**This needs to be spread on all socials, and seen for the true gem that it is.**

I am telling you once this penguin goes, it will not stop untill at least 100M.

Of course this is all my subjective oppinion, but if you take 5 minutes to check them out. You will know what I mean.

**And overall check their X page, I mean their content hits the spot.**

You can tell that this Team really puts in the time & effort.

**Do your own research and thank me later.**",1730405146.0,1.0
0.092,0.741,0.166,0.9422,The Doctor‚Äôs Cure: Orange Pill,"Made a few sonnets with chat gpt for a guy who asked to be roasted on r/cryptocurrency. This is one of them.
Idea inspired by Reir Llorando, by Juan de Dios Peza.

A patient, pale from FOMO, enters grim,
‚ÄúI‚Äôm down twenty thousand, Doc, I‚Äôm sunk!
I bought the dip, but now my hopes are slim‚Äî
These shitcoins tanked, they‚Äôre nothing but pure junk!‚Äù

The doctor shakes his head, ‚ÄúAn age-old tale,
You chase the flash, but end with empty hands.
The orange pill will help you to prevail‚Äî
Bitcoin‚Äôs your savior, ditch those other brands.‚Äù

‚ÄúBut Doc, the memes! The pumps, they‚Äôre quick and bold!
How can I sit with Bitcoin slow and still?‚Äù
‚ÄúFOMO no more, just HODL, strong and cold,
The shitcoins fail, but BTC will thrill.‚Äù

Yet off he goes, to gamble one more spin,
Ignoring wisdom for the next quick win.
",1730416509.0,0.5
0.023,0.809,0.168,0.9814,Can Bitcoin Hold Above 70k and Reach New Highs?,"[üëâ BTC/USDT Analysis üëà ](https://www.tradingview.com/chart/BTCUSDT/kYGnbHVG-Can-Bitcoin-Hold-Above-70k-and-Reach-New-Highs/)  
  
The BTC/USDT chart is displaying a clear bullish momentum, supported by significant technical breakouts and positive trend alignment across multiple timeframes. Recently, BTC successfully broke and bounced off the¬†**66500**¬†level, reinforcing this area as strong support. Additionally, a structural breakout occurred at the previous swing high of¬†**70000**, indicating a shift in market sentiment towards further upside.  
  
Currently, the Ribbon and Trend indicators are bullish on the¬†**1-hour, 4-hour, daily,**¬†and¬†**weekly**¬†timeframes, with BTC consistently trading above these levels. This multi-timeframe bullish alignment signifies strong buying pressure across both short- and long-term perspectives. The price also remains above the key trend level on the weekly chart, adding to the bullish case.  
  
Looking ahead, potential targets based on Fibonacci extensions lie at¬†**84000**¬†and¬†**106000**, with¬†**84000**¬†acting as an intermediate target and¬†**106000**¬†as the longer-term goal. If BTC continues to hold above the support at¬†**66500**¬†and sustains momentum above¬†**70000**, these targets become increasingly achievable.  
  
For now, traders should watch for any potential pullbacks to the¬†**66500**¬†level, as this could present a solid accumulation opportunity. As long as the current structure holds, BTC appears poised for continued growth.",1730345119.0,1.0
